{
  "classification": {
    "THRESHOLD": 0.5,
    "ACCURACY": 0.9186046511627907,
    "PRECISION": 0.9631147540983607,
    "RECALL": 0.9251968503937008,
    "F1": 0.9437751004016064,
    "ROC-AUC": 0.9759405074365703,
    "PR-AUC": 0.992384843229184,
    "confusion_matrix": [
      [
        81,
        9
      ],
      [
        19,
        235
      ]
    ]
  },
  "regression": {
    "overall": {
      "mae_macro": 0.16456174511801114,
      "rmse_macro": 0.20089369352061562
    },
    "by_target": {
      "reg": {
        "mae": 0.1368483453989029,
        "rmse": 0.16904314328718514
      },
      "kredit": {
        "mae": 0.1394859403371811,
        "rmse": 0.1891835644781765
      },
      "teh": {
        "mae": 0.16888555884361267,
        "rmse": 0.2374107375047853
      },
      "market": {
        "mae": 0.13400554656982422,
        "rmse": 0.16256503330626884
      },
      "staff": {
        "mae": 0.10764189809560776,
        "rmse": 0.13541584442573731
      },
      "psich": {
        "mae": 0.16137990355491638,
        "rmse": 0.22251100989758327
      },
      "ability": {
        "mae": 0.26265764236450195,
        "rmse": 0.2797322647670553
      },
      "turn": {
        "mae": 0.1970425695180893,
        "rmse": 0.23718346533277654
      },
      "finn": {
        "mae": 0.1891552060842514,
        "rmse": 0.22010676233199666
      },
      "Z25": {
        "mae": 0.17161522805690765,
        "rmse": 0.19230479870966752
      },
      "Z35": {
        "mae": 0.1414613574743271,
        "rmse": 0.16437400468553964
      }
    }
  }
}