{
  "method": "logistic_regression_on_regression_indicators",
  "description": "Вероятность банкротства рассчитывается по 11 прогнозным регрессионным показателям reg, kredit, teh, market, staff, psich, ability, turn, finn, Z25, Z35. Бинарный выход нейросети не используется.",
  "indicator_columns": [
    "reg",
    "kredit",
    "teh",
    "market",
    "staff",
    "psich",
    "ability",
    "turn",
    "finn",
    "Z25",
    "Z35"
  ],
  "positive_class": "Bankrupt=1",
  "scaler_mean": [
    0.39196242171189977,
    0.4382393876130828,
    0.2531315240083507,
    0.30167014613778703,
    0.31297842727905356,
    0.4234516353514266,
    0.0720250521920668,
    0.1590118302018093,
    0.18545581071677106,
    0.13674321503131523,
    0.1710160055671538
  ],
  "scaler_scale": [
    0.18800062550935445,
    0.25975236541093644,
    0.34982937300503125,
    0.213458109249805,
    0.17232991843329876,
    0.26717897885552067,
    0.1755702650016878,
    0.22057651544113316,
    0.22838123038261993,
    0.1526954711889176,
    0.15697717928696361
  ],
  "coefficients": [
    0.2418940742057476,
    -0.4048832658929818,
    -0.7929784548432496,
    -0.6911654441353766,
    -0.005209785788936926,
    0.05749941587304764,
    -0.030432491607901725,
    -0.31067356514231537,
    -0.06125311270610813,
    -0.08613034977398036,
    -0.42687032687065113
  ],
  "intercept": 1.4260846969353405,
  "validation": {
    "test_size": 0.2,
    "random_state": 42,
    "roc_auc": 0.9003708458137212,
    "accuracy_at_0_5": 0.8388888888888889,
    "brier_score": 0.12179826600264086
  }
}